,id,travel,fintech,ecommerce,sports,gamming,health_care
0,dd2a4a379c04b944834c66cc797815f0f6b01c10858e8b972b4ad6a595737b04,2,4,4,2,5,3
2,2f5da6e9921baa794759ee9f4b362555bcb3c1646eb51f671253b5d7d710b75e,3,3,4,5,3,5
5,534599df3b467cfe814e0a4a979cc9726b64d189247e92dfc34f96328f23118d,4,3,1,2,1,4
6,2f8308ae8b2b2f57f17d96c86457b4f21924299939969746652d63833e8f0be7,3,2,5,5,3,1
18,9865f5293dce01180593e9329dff57a1ac9a41d33afef77801e2a78fa4d5a990,3,2,4,4,4,5
19,e430630c51778cb7f86b88de28ac740baab9c6978b8775bdb55ca21721cbeb5c,4,5,4,5,5,5
20,d75edf7bf3c340b56e8255f968b37576739bfc2991420252d165510a54f6eeaf,1,1,3,4,3,3
21,5379170989104e67c71efdba8d57bacb48c04ef350d91b25df5098be912e97cd,3,2,2,2,1,3
24,4bbb979a2cb966e6ab8baf9fa8a042d435ec08ac918a55da2b6c9bdb857be933,3,2,4,2,4,3
25,fd00c62cab011703f2af90334142367717b239d67b4ac3578101957c584c249b,1,5,2,2,4,1
27,f0571fb25b7d0c1c8bb446d38cf23bb58b11951d4b3f560936e536520d4a00a9,2,2,4,2,3,5
31,e2401fc3746ec3de7c004c3983772c455b58072815ef62a4776f9b9b9e4dc627,3,2,5,2,4,4
48,be8598c6db7e29292b8f10c9197b3824dde91edae9f2cf06510638c42832c161,1,4,5,5,3,5
49,dba4b096d7d3d21fc05f7c0e49e9d5f0d602cf564db304d5702c31836b2ebd2d,1,5,4,4,3,1
53,39ca601754788860e2cb3a147924132783b9752bdc925eb00b20e83796e94ff7,3,2,5,2,5,2
54,b0b60503a74959878351e57a130fe1455e98b562c2bc4ab0b7f2cbb750892c94,4,4,4,4,1,5
60,20103f68a95b6998d7ff2db908f8176f79cbb7fb5b9b2120649c049e9a62f321,3,5,4,3,4,4
70,c1362802f35ff23bfcdf2ed37017c1be122c247fd8a6ac3882995a586e2f1aa9,3,3,2,3,1,1
86,0719fd1067b3a3332cf40678a1429e725b2561209add5d2493a92f9f868cdc01,4,2,2,4,1,2
99,c70a75e3d24ed091b6e43346139b1207bcd8f7ff7a5f8fd086d659979eed1ab4,2,5,1,1,5,2
107,443972a51725ffa652a34e7436e987238d74084264acedd5b5dcc2c3c24c2962,1,5,1,3,4,1
109,4ae5355a1b9a9270c1592e1e0c9e8e3bb1db220db1793fcc3b83e3b920d2049a,4,5,4,5,5,1
117,381f287550a924707bf6baa3bffe4f672aba5f90dd6d1386242bbe66a7ef1fd4,4,3,1,4,2,3
122,1302de074c711c2c15ccdded9f845b8b917bbd16cd77d8b00ff38b791b60275b,2,2,3,5,1,4
136,23174ccee5dc5eb5890c33847903a3f3adadca3883d803d1611362b6992c64c2,2,2,4,3,1,4
140,ed116bc2e55e4d737b713d7b95317563ea6b6210f3da2af6ee6506d920bc3e2c,4,1,4,5,2,5
142,25627790d1bb57a598e312d881abb7f7debf117f3ebf4c53a8f7e2ae453ac8a8,1,4,1,3,1,2
157,a42dc9bc8c23bd9c18266b93b799ae589fd60cad0d5a2ef5837c5e95d83db6e4,1,3,2,5,5,3
165,619d8bd9f5009fbd941b8d1a9738579e90f2be3032605b9779065fd809bb2168,1,3,1,2,2,4
169,7bca49060a3bf1b5a8ac370d221335100368871d4a204b43878bed1f5ab083fb,2,5,1,2,5,2
177,d8622e272c89cf474bd10caafcd1a8c68c89f57b0b62c166807a5cbfc1550d47,1,5,3,3,5,3
186,f7613bd44add3e1e70201b065d5942535c8756fc81d20f0650eeeabee0713e21,2,2,2,1,5,1
189,6c5ca028f031928800bacc39a5876be6ccf8eb78430cba6f964e4761ef387f5c,4,1,4,2,4,3
212,10736c1b4ed42796f3fc934b12d5c2a1f1c02d411c6f1375950b276c12c77579,4,5,5,1,3,5
220,4fcd971d68d180930b56d6e6739f115aadc0be45a8402e564df98def7b74005f,1,1,4,5,5,2
223,c27379a0ca7ba184d6fbaf3cef950225b05f45985790bad480a68510373854a1,3,4,4,1,2,1
225,e2c43254cf730b4d70f1c2c2f5d3ce0d0c1560d3e51567309733943f8e86673b,2,1,4,4,2,2
228,82120fdd4ab68360ab5276d83df31bc52beebcfeef39922587df52db4db461cc,2,5,3,4,5,4
239,28c56552d0f182fc266160ef40c0fcbc7bd4c055ff4960eeee3a4c766efa6a3f,3,4,3,5,1,2
241,2960b87e5071e347180981476c0b9adddaa27ffea38b7b6eb06a555f8ccd6f47,3,5,4,5,5,3
243,210a113d3fd23cb22df42fb5b5db783f3f67354975cf84b6b5a8b92cf0bd3b04,2,2,5,2,5,5
280,3a8d087e24856c571395a5f90063c810b2f4126ef074bd83b9b53501f71bda0f,1,2,4,4,1,4
290,a9e81762bde818bd9588f9e897dba9bd18fddb44451a23858e3fcaa53106b3fd,4,5,2,1,5,1
291,42c956256d62afc5a640a497ce048961fe76b21bc1c8117813344039d18a702d,2,5,1,2,4,1
300,b5fa30bf7262299958db5547f80e1e648eff66bd698e877286f77710759d73e4,2,4,2,1,1,1
305,7816841e10bc4628ecdbd2022ba5e842f3c34f1a1f7e06df4cc186b389c09b19,3,1,3,4,1,1
321,4a53f47a367d52696d1c20885d515d9c28fc75dc316f09f4a5911d5fed473315,3,2,1,3,4,4
327,6bdb19a3cc19aa2db3f53e3cb9a96bf4ec6ca051cbc68553881ffd157fbbde11,4,3,4,2,4,5
335,39c885bfbbd5da92cdd2ae4b5620ac81f0cf3d8d5c457225f9ccb32056e1b4f4,2,5,1,5,5,2
336,ba85d8c111775f3cbd3388094054c730505b159c99fb21c1b0c424c1e00681a6,1,4,5,1,3,2
338,4cb25a10b337c8240986f90e47ed388e9e0586fee76eace67bb032463003e3a2,2,5,1,4,4,5
340,044c8e1bae7179cd846767a1db85dbee63bece0b6ddd1bf98a7f190cb5beb676,2,3,1,3,1,1
343,037bbe4e64a203dd129cea0c7aaedb05c81dd7562eadbd9eabe353c939b4cb40,1,3,3,2,2,2
365,a5823ea378943d1818ff5efae272e657bb62e4464e3c8d20749c713bb851d8a7,3,2,2,3,5,5
367,f6e2bab6a761b6ce28ee5b1b3ab05c980ccb7d128aa80c14208a785792a2a3de,4,3,4,4,3,4
372,e5dbb0fd902a9624342cf4dbfef9967ac9a44379c2955659fd1e460cf2c6d60b,4,4,2,2,2,1
380,750900301e7554def652bce932fe1e2a773167d4ced3e3099c172f8c40e8f3a3,3,3,4,1,3,5
381,27f2bca0260a46e6b0f77132fea8dc5d2fe3ccbc557ed61bca1ab833c9baf928,2,2,4,5,1,3
383,afd7f02d9782a3a8e815ce7f54507c305d29bf0a7f857f536212425f1348aef6,2,2,4,3,4,1
391,81ae4423c04b02cfbff192b376e44d43fddc4d34d762f7353e861eda100e8a78,4,4,2,2,4,3
394,8334ec1a96881aeb847b64cb22a36beea2aa244fd536720902fa18df60008efe,3,1,3,3,2,4
395,881fe4d9c1658e5b4c26be74517a1f3ea41f318f491b8810a42f448668d3ca30,2,2,5,3,3,1
397,ac3f867b32097d51f11e994cf2731baadd4a5ca3274858a0ecbf1ba381a31a8c,1,2,3,1,4,3
401,e058b871a4e143624a64b2d7f666ff96957e67eb8504a1bda10db1b3ed20f208,3,5,1,1,2,4
403,68b5f0421abb701b2fefd60bf15415639a3341261ccdac692a081cde8ab06e81,1,2,4,3,3,4
407,2b72f42fdb705711b7205137a00290b009c5b82c72a171631874cacb9ec5e7b6,3,4,4,5,3,5
409,04ff747ed04ac44f1a84f0439c02f9ba34068af0842495c6e9cfe52dd429d493,2,4,1,5,4,5
422,a451f28ce383aa909620d4365dafaf44813ec6f299a27455cc322bbdf90c36e8,3,4,1,3,4,3
430,786858fd1c66de17cf0839132e4c21dc1fe2b3e6e2e242a8d5aaa507562504bf,2,2,3,3,3,1
432,d5db55b4ee8404bd4f3c78bec5d746eb662e8ee431a64fc96d2e2a1c78080def,4,4,5,2,2,3
444,10f8dbb54e9d5073af566dbc4d7a38b36ec604130b58ed9cb3a831393bd6afd1,4,1,4,3,2,1
452,1f5ac6e4b587fda62eafa1eff65f52fb8e847465fec8f5f58ff9e8c117676a07,4,2,5,4,1,3
456,62de695c93b80996d0d5c8053c51e6220b60f5d48a35253212240dea5b77040d,1,2,5,2,3,2
461,ac91b5a63b837fad56a89a7869f5b35e81d027795651e5dd851bdd44d33eae5b,3,5,3,1,1,3
479,0b722a5733d998318f69e964896d155607fc85355c7b4f93e59ab88ab0c494d6,4,4,2,3,1,3
482,964ca90b2d8f6a011f66a98053ec7b10190b459760d4b9339d2aa618fb33b01d,1,3,3,2,5,3
487,6ba58c59fb224acc9116de0ddda9f3387c3e0b7d518ab94f5d753d24aeb41512,4,1,1,2,2,5
489,2b37beafcbd0c513bb2e742dbe61673f6ecff8e4ddecfb4827cedf835420b13b,2,4,4,3,4,1
508,c609bc00aea103dcc0e72862437775e6eba10744eedd2ed07c6935b4078c6212,4,2,5,4,5,2
512,6c9e7c282f5363f990372fb93310758c3155ea0f32e67a3ca75fcbb0ef11d162,2,1,1,1,2,2
513,a649dab5b07b10053b7ba7fb00dfe00083c70b345df188a8975819fd446e1da0,1,1,4,5,2,5
517,61d701eba8c1a5c11d4d267fb093e8ca18edf11c2e6151976dc8ccb0c0e7b8d0,3,2,3,1,3,3
530,5aa7195203f4c0d4a085810eea3be0fc331ac62abfcc8f1eeba2550fa2abca6f,1,3,5,1,4,3
540,c9b0ede933d63cb229624364de826249cab62d9bef270c1b5c71615a3549f54f,4,4,5,4,3,5
545,69ef18ef02b0dba5b7eb3247a25afe6d72577ed2cc64cb195ef807a1149eb963,2,2,5,2,3,2
550,acac86c0e609ca906f632b0e2dacccb2b77d22b0621f20ebece1a4835b93f6f0,4,3,5,1,2,4
551,886aa10c6704152c1ee3fe198158812c295c8a5d54a82921b304b034210881a9,1,4,2,4,1,1
560,9c4e36d7a2538e280733d674c96e138b3270a9e295357414c4d2a99d27b3218e,2,1,4,5,2,4
562,a3263f38eddc25d5058f191c2b4cc3d84d689a75fe6630fbb2ac776dc3db4fde,4,3,3,1,4,4
574,6b373e9f9444f4ed8bf6a74f84d58be4da85889f06b7e30435822a56cc388de7,3,5,4,5,2,5
575,17dec5fa0c1d5d557371093759be4e4951bfbec9d051e110f62b6370fd35e128,3,2,1,1,1,2
580,71ec2bfc1709fc975fb0a86d5358bc0bea53ade163cec9791ffb71d909c43957,2,4,4,3,4,3
591,58b50ada86e7ee8ad39a7da8542440bd2e8b138bb8c9e019f42049aeceea5d62,2,1,4,4,4,1
592,f0f95e546d4e91cb559efa2eaf4cc1946ff902794c0ca61e8657852516fc8a65,3,3,1,1,1,1
595,f5626535d55d0d746daf9946e4e6df672a0dd21ff02359794b2beaeb9e9b5237,2,1,4,5,1,1
607,2866dd27c6e97de79c3339609b40ec140793f803daedb35094c3bc6630b7a1f0,4,4,1,5,1,1
608,cf4088fae00f65f2c66cd2eae15ad31e5edf9286516119e466d134320de4926d,4,1,3,3,5,3
621,a3c8afdd67fabe997c9999a07ef0bfff9bf36c052071959f984cfaeefb2352e5,3,5,4,1,3,3
622,71267e82c61b299c3288a1322899924e3a8b1fff54cfe28f29b65f62a5804c9a,2,2,2,5,3,1
635,dbd284c1d415c8930af686f043f458b93915ad7342fef71f97a1365d3293a661,2,1,4,5,5,1
639,53c79eb5de5b08340a0b8ae8693fa11fa1440c8817d046766c0422c277a55dd2,2,1,1,5,1,2
640,20592c0bf3cffc0845a71638583ad531bb990a7e093895364d779792b5574add,2,2,1,1,3,3
643,60c9eb3477c8a2c84f8646baa965037aaecfd67eda92a634d46cb49e97dfac39,4,4,5,2,5,4
645,9426bcb712aaad3b06a3879f5e1252d7a0f5ea1f322a495e406f56a0812a336e,1,1,2,5,3,2
646,12e65e542dd08f2c7229cef96ab2fd06e5d618eb48b8d7399ffedc5da42ec3d6,1,5,5,1,4,3
653,ed5b042655d830cb6a86c7dcd49d6f9e3fdcd1828c7c6a24e2825e9f9f615196,3,5,2,3,3,1
668,01e32fc513b449d3d08b5b2c0924ca7dc805db43c211bf34abddcaaaad22b7b3,2,2,5,1,1,4
688,0523b6a627ff6595421f66129cf922859ea4d4462968e761c699cfea4b1ab15f,2,4,4,4,4,2
718,046e8cc83fe12b956bf26ddbf7baf7ff0bc581d1a13b3d3cf2901459976a9174,4,1,4,1,5,4
722,df6077cb679247e66099474d9c11998a76ee0a0edc6114d93b2b9a53670e232f,4,1,1,5,1,5
724,e8bbc8e2150981dd563e100fc531e49f1b5b1bac6a1c8499138da32da8e69d53,3,2,4,4,3,3
725,56f6226b277904c4ff11ab7377ff8915581e1184a899c82a614e02787b14aa54,1,5,1,2,5,3
747,44dac2237ae6cec657b993fa2a14b0fe311f7b00e3417515bd36c51e55523a3d,4,4,4,1,4,3
754,002f53d8df01ea92bc2b263d829151816d9a510c26f8388b99798ac4350d040e,2,1,5,5,3,4
758,883d0c4a307f217139e90af78b18cfd2f4f62639563f4f21536dc371d5de42ea,4,3,4,5,3,1
761,40844ab1423c4255ad1cbc49fc0d92f9b0883f57669316375363d22124954335,1,5,1,2,4,1
778,c70a677f8195cf07604649cd4eb64289f758178107444740da434b2cce59cb5e,3,3,1,3,1,4
782,421436f59f2d4f4cb1dc7607d8e3182b7a8677f5432897a747d5206787794bb0,3,1,5,3,2,4
783,a6011e7798cce220933fd032929b184e3d97cd0328ffc15a82e6eba2373d34d8,3,2,5,1,2,3
784,65e71e956026b10c6bcc70ea80d19347bcad6966546096b4a5cbeb2ed8e969a5,1,3,2,3,3,1
785,1c21c33778a770aed544f4f775071eb94034e76fd5d695e83d85549594a3e788,2,3,3,1,5,4
790,2c7c49779172447761106313c48fc111c161d2d0badc9aed26340d0c70a60d69,3,3,1,1,4,1
800,913a4b185b9978dbb2618c9c063bb8671756ecf6b81b66ffcc2e25f58d408a8f,3,1,3,5,2,2
803,5bb0b6221249ba8aa472f3e7de44ae3e8628f2a017a2e5ad0be0db3d0720f868,2,5,5,5,1,2
812,145001a29d23eef54f97b5db208ca93658e23c8c06a1681f38d678e2d2696878,3,3,4,3,3,2
814,6bd5b1816747bbddb5677ab14bbfe238ae1dc4cd7ec34b72719951d3f8ce1abc,2,5,2,4,3,5
838,9a809b5957d6189314b73ade3b70c8dee6af19a744ac9a63f6fb333b372b36e9,1,3,5,5,1,5
846,6488a7e230a1adb3851f0cc898bb814038e19eb50ec294994d3133804b0ce79e,2,4,2,2,5,5
848,862f1b76a8d742f8bccfc3fc96f5de06f0410faf73fd0812b6ce239fcb7c1c5e,2,3,4,5,1,5
872,48d73ecabaf008dfbb69c25b8e2253d561336db74df7ac88018162c9e457b83f,3,3,3,4,2,4
888,5629a7039a80cfb6371f99758f25d68d6cf484eaa330c9e814428a4c9c00e939,3,2,1,1,1,3
897,c88531a2de9ce48a03c3e2e49553f4403f577f8adcccb2e7b554e6300a61a141,1,2,4,5,4,2
900,636d2933c64764c7238e59e5da479acc6d2303a31fe9c6442a02754698936452,2,1,4,4,4,4
927,948fe213167e24ec4ec30f4942fdf2d535f4a7fbce5183b8856cb79f481b755a,2,5,4,3,5,3
935,4214f8ce0047fb1e824bb71c46ec3b95e4ca6b46e1ca01ce65c140320be0fd89,3,4,3,2,3,4
939,b19b7f0c080ad95d6f915e00e7709aa32cedf8d5c2c71ed63364492dfe539952,3,3,1,3,3,3
943,bbc14aa25d0e473d0290c5ae997357488fa19d4a28fde6ad3ba9e7e39e975350,4,4,1,5,5,4
962,f77225f8dd11c13b8a1ae179ea7b8fb3d0e183dec7d3c4fe28f91ed839536290,1,4,4,2,5,4
963,071266825f44b6d7d849620d18748037804d4ce9861bf28bb5cbc89f239f2eff,3,1,4,3,2,3
971,d644733305a2680967465bb5bf60d6e17286fbb2c629446118905379d8068340,1,3,4,5,5,1
973,de18cbf1d5233bb4cde71bae40ef22d7357af183a7914f3e3fcf8256736585ec,2,4,2,3,1,1
977,5a0e70bae3d00aa1983a6ece5c28563c186d9a538871b13cf0515bc8a8fd6d1a,4,5,4,4,4,4
983,3b2855b60b3d0e9ef251b5e25731e540b964f017a409981007110196230d7133,3,2,4,4,1,3
1003,f81bb42997c4ae5bee5c266c601de250afceb3582adbc52e6bc5581a3db77d90,1,5,4,2,2,1
1007,94b2bc4948c819ce9e389175e90856e7a69bc8271266749b7a26aa57585f0051,1,4,3,1,3,3
1021,c623574bf53b29bc965819198017810ca264e73ad66b343c2cc34cdfbd0d6a32,1,3,1,1,1,3
1025,31332eae6c0a31c1e3453bda348a96e8d371bdf2df854e89dfde1d0c069a53d5,1,3,1,3,1,3
1026,d09f075c1822c139edebd7c785fcc957f94c884d3af29b3a9e6c86932fdb0a73,4,5,1,3,4,1
1041,6e44219520cbecabf7555b3a0621ec480c57043f50199f6d9a673837375bbb5f,4,1,2,1,4,4
1049,772b7ce87155d87b99f8b002092484c7597749ccf662257a35af0e2ccb4c7b8e,3,3,3,4,5,4
1068,9f47f7f332cead622dd35c7dd25ffffe5c53a08f3b064c600a302041b2927b05,4,2,5,1,5,3
1077,0802d47dcd8cdc7622c59172019fe1118c3086017aae9395a7be30edda3b11a4,4,1,5,2,4,1
1080,edd346af968e0e104e06d6b3de777efa119fdd1cad9ab55401f1e00b90410ec6,1,3,4,2,4,2
1098,3130987415a7562accf70655e8343f327f5646d66a477715c3485240294cf742,2,5,3,2,4,4
1103,be31d676b858b3e5f8f83eb1c9474aae3dd581916804202e4fe117b3cccba038,1,2,1,2,5,4
1108,7f8e68ca04abf8c0603b11e3809be4d3724ff12aff352d239a172c7c7092b7c9,3,4,4,3,4,1
1148,1fcfd58b229b15eb5810f47e8458f67f0e52a5b2ed23f4b58e127ff2fad96cb2,2,1,1,3,2,3
1160,3172011e6039e01e9cee319990dfa1cfa5d2a013467450ea0602b0b1c633c3dc,3,1,3,5,5,3
1161,6be5dd62dc62cde30eccdcfd5580f291da486605746e928902c8f98ec4873099,1,2,5,1,5,5
1165,1eea15ca4921a3d4a6d0cb21163ffa5c7f7fd4776f51e0ffad086314dedbe49c,3,4,4,4,1,4
1169,4f13c969d86897620f2b68977ab87b5bc31577fa57a756919aa68e16102020a9,3,5,4,1,1,2
1181,bdb83a1b1f20c64e43f46a830518a959deaaf2cf53a10b4ca77a264cba6636f0,4,4,2,4,2,4
1191,f4a892853452e4677f5210595bbabe5010a7a38e8c1b1508ad55adb6ed940e30,4,3,5,5,2,1
1193,1ba9a8b93eb78e8bf6324ca11990b2c7ca9f870f599955c95c3da164ec2e533e,2,3,5,2,1,1
1198,2362307087fc0eca0f6c7838f7769745865505c486fd428a5779e2178ce49d27,2,2,4,2,3,2
1222,a9d0c8e30ee267641e96c2919add2f4568a561a6cf80bd4f329a29bf25851ad1,3,3,3,3,1,4
1223,e2db08fa8fb02577ebcdf913fb9fbb6d964dcdc22287fb4c7f354d9dc4d364c7,2,2,2,1,5,2
1224,b4ff98831a32ff9df89c05facb2788adbb014a857232e906b853f4cc6768619a,2,2,4,1,4,2
1237,6d69f4bb82cbc7aad1ec330444e153cd636fc24509e18f4883560cb78842d653,4,3,4,2,2,1
1241,a758009f5e9c27076434af7bb3fc1dfe72ba631f0482f5ee4c18bea4519b219e,4,5,2,1,1,5
1244,555b95cd628dc4b7ff42dc905a9401a3e731ec568be89b13d48ee09b517857ae,2,2,3,4,3,4
1246,2c80c3124d2d512c3ae80e4e379beb2f58f89d375978262ae18aa2dd702fc9be,2,2,4,5,3,5
1247,b0be83f5874aa29f5633b1e3fbee1db29f91f15157952079da89a018ae522968,3,3,3,2,3,2
1248,d4b2e6c1c0bb04367a98149481d536ea955e88b09ece782912ca108e20a58970,3,4,4,2,1,2
1251,d821bf8f3eb7050d526e9cb539e98f0581e3b62f24f447fe446f6142884d6eaf,4,5,2,1,2,2
1271,8405f47e0b1358b47029be46f671be5291a8ec29e290186a1add04947a298101,4,2,1,1,3,5
1277,91fa672eb6009dcd7e99fd54ca93fa6fcb5b28fafec61841a440d4d50eaf0c8e,3,2,1,5,3,3
1290,2c0108ee6a2c8a1ec31eaa676f030b2eb8a9ebe03b2564630eb9290d9e39853e,4,5,4,2,4,1
1296,e8e333d5885b31c60be2b61e0e28a9c6a5056615b802bcd7f66317865ce6912f,4,1,5,1,5,1
1300,afbfe041fd9ae65c4fca339d5ea7346b067f03e41ae51b2ce0b946519f62e961,1,3,2,2,4,5
1301,beb1ed2e479321f48d058a9f87c61af5acd9a5a0423dc7de4e8e55dcc7dafbcb,4,1,1,4,4,3
1302,05e8d323a7083d3acfb44e0a51e6411eba690e911d4176caa747eac55abce1df,3,5,4,4,4,3
1303,1be0f7d1d57f4df1d518f60b21de3812a56adc85a4624c7da4bb6bac672150f6,1,2,2,3,5,3
1339,2fd96074dbf66737bf53a9bff216934cc070f6e302e65cff630b004a07956f74,2,2,3,4,3,4
1377,f809a7b924516f7817b771dc0492651b53b53f894a9e5ac3898a3688e5b3fb9b,1,5,5,4,4,4
1382,a8f9164601289cb616f592cb8e321a30cc23646384cb5274afd40c3527d86564,1,5,4,3,3,4
1388,58407cceaa5ddbb0225c922922149f5cb5afc56d752659cbc9a3ab813afc30ed,4,2,1,4,1,3
1390,430630efd7883e59ff9fb5974fc397ec3c3199af5f4b5a9f8f4fb2d4de2883c5,3,3,3,1,5,2
1391,ef1ce13c296085f29e6e3c584af3acd604f0f31c86ac8dbd2f2e11ce800834bc,1,5,4,4,5,5
1393,6ccfe64e1ae2b28686f154fcc98b342f18ff5c99576e5aa47fa6255c010a6be0,1,4,4,4,2,1
1394,bbb37d396548d549f3cfade944eca5a41981e8043c95c3f8147d133dfa3d1432,1,4,2,2,4,3
1395,dcc7fc84bd4373ebddbc712d341f39188b38ce989ebf3341f035ce2aebd1b5a7,4,5,5,2,1,1
1396,017fc09d5542c61a7a05c53522b9c181146bef8b09fbc5283c18314b833dd601,4,2,4,2,4,4
1398,bab92d6cdf7b4ee733479659d43a3e424be5d671988740a9c3a3e87bec04ff81,2,1,5,2,1,4
1404,23f28a8f6ff32d106d5896fe28ca4a809c3e5db8efad5d1e58132dfa2870b44f,4,5,2,4,3,2
1411,ae91976c536a4b9ea42d897478387302ba04182bff059b2090f4b6a2f228fe13,4,1,4,1,2,2
1436,97b9c6309fe112a4cdbf6d626a5b5b15a3ecfd73f62162902f72f3c5ced539b8,2,1,2,4,1,1
1439,1f5ae4fe1e0e79bf6e70f112021fa9d0489d1809969d0a0720264a240a562941,3,2,4,2,3,5
1448,c0b42b2d3f7fca4c431776cfac4d8afd3e52f0d95c8de1f1805109f73630e13d,3,1,2,3,2,5
1467,d081714e67488f3882374cdbf069d8b103d82abf4657d1541f4af753434e2ad6,2,1,5,1,4,4
1468,dff30321d4fb53248114e4e71ecac4f001360dee35e34606b3128a8e1bf2fa74,4,4,4,4,4,2
1469,5e9291c91ddfbc5c1da87fa400c3ec20f20bacdcaa11db7a599a58ed12e33d5c,3,1,1,3,2,2
1476,dc8acdf52e52db2693bcb6251916de73ed8142ecabfc5566f528b7d1ed60ebef,3,2,4,2,1,1
1484,f8a13061b2c3372e53d2c12b04d1accab6d663f04d314ab3d490daa1cff3d235,2,5,3,1,1,5
1490,1a1a631586fc95a55bd01d394a7f0d3eeee4234f408574ba98ecaf59c2ea4395,2,4,2,5,5,1
1492,18cc60867e976fb404f618b978c849a12bac7c7d5afba98759139380faddf889,2,3,3,2,3,3
1502,d9ebdaac59fcfbe326aeedd4be32493531589feeca09c7148128f88d50bb62e3,2,2,4,5,2,3
1526,ebacfcc47b3019d853f84de8a7487895b86bd9e6948a9f958eeeeea7a08fcd9c,1,4,1,3,2,5
1551,76b89ab148c1c83c4f1215631e92080bdda234bce0745432f8ba4d25e28e2f6b,2,5,4,4,4,3
1557,f8ade003f1b632d180a588e2435032cc825c1ac384782806e82117bcda53eb75,4,2,4,1,1,1
1573,fe13f9b3a30bef10df123c2d36211e4ac9f2695bf233b65dd67ad415159e595e,2,2,2,4,2,4
1590,99fd636aba75c4eb959a9db414a9acdc9da254a2e0a55a1e2389a7e04080e1f4,3,2,3,2,2,5
1635,842a182ab99a22544635a088af716b8fbd28395a0f54627348a962720adabb68,4,3,1,4,2,4
1640,b997db76629c81977fa7c93e48e5b57647d7072416e542db341f97814c8a08fd,3,2,1,4,2,5
1641,dea084001efbcdd7ce872968a73a12ce32faece0b393efbc231e8a4ad417db15,1,3,3,5,3,1
1695,fa39d82804d8ead2a5f9782f879c6da3d2a1ce5322d03a933179519e2c546f66,1,5,4,1,2,4
1728,f063edd87aa29b3fe15e6ce29e68a00cd91a70f156eb39c6ebd1c35618460957,4,3,1,1,2,5
1743,adb17c28f616a41b2e76dd76a9c71be331d6abb5a810041670a30d89038fa9e9,2,2,3,2,4,5
1777,f8d2ccd854bdce63393652183671b023e8641f01cd1cb6e7d254cdc68eed41bb,2,3,5,2,5,1
1781,ee48c3833cd1744c1737d0315bc2f5847bed6bc129a97fd646b550272fbed8b2,4,4,1,4,4,3
1819,21f5358c1fd3b713a0b8d13634c18d381383d67b2ab0f04c1282cd283c49d82d,1,1,3,5,5,2
1854,b7a7979f02fea34ce0b87f3d55eb74ba2b6b9844e5a5c415b5d17bdde6b232ea,4,4,5,3,3,3
1876,cc8b9f893516808496acdf12b29240975ba16acc2e298678a694a09391ea6b92,1,3,5,5,3,3
1884,6a30a34a1a9318025697f673e0f438cf66a8bbda11c3e241a7f77e6f25e2f5d0,2,5,4,5,4,2
1925,0e67693edce2a28cf513aa42540761f7dae661460542e369e327539c8bed5a0a,4,5,2,3,4,5
1932,fc27f30d6d036f4aa857e6cbe2360dbfa57a6dba9015f5a7c38778a2177a956a,1,4,5,4,3,5
1934,d205583b9f84c4826f7101576c813a74bf1771f56525a6c137dc724ce7070e5a,3,3,1,5,4,1
1945,50af11885b54656bdd5869790e78200586d1ce3ef0a43bbf425072eaf46dca07,1,4,1,2,5,5
1948,c91c4ed1a83bf47b4369728c61e314d1ca2d2f74a3b98a937ec8ac1c2e676d4e,3,4,4,2,2,1
1951,43f05b6d27c4553e8f7f6ba48a7d28b687630ad6ffcfe28df44f0a73a49b3038,3,4,5,4,5,5
1968,9f60910070bb5013e0c8cacc693bb6c33ad743bf00ec5865372b171846a46d58,4,5,1,2,2,4
1973,8077f2d2cfb2c9f6853da81fb28cdec269d7c14dd597b0870a91d7ae3dd175f1,3,2,3,5,5,3
2053,fef697d79e6d6b6ba3e0dc0268328479d4eb0319181ef7daa1e9215ddd070fe3,2,3,5,4,4,2
2057,f7d15c96b8ce3a95981d7b55a53e6f69cc16fc4c0abd1d5308190eafc77b0316,1,2,4,2,2,1
2097,e9ec514e60fdde58e372f59bb4bdf03a3da9287605d789925379fa7f3f4e4efc,3,4,2,3,1,3
2124,066b1b9fe8463307ff8b68ac9ef3ada0bcab132eb7cf87c38c15888506b6eb68,2,4,5,3,2,5
2207,0ee784338b44453fc56eebcd902628424e3f9ff86d4b73ee3ceb2ff06b172d74,3,1,1,3,2,3
2265,6c5026bad57f7a6561c37ae2bcba1c95552f775d0ddbb4cc30d9b43c950a5663,3,4,3,2,5,3
2417,5991ce426259a177aa1e0a9a0317e4bb0a21c09cf28e4743c5c1e2c91a306d3e,1,2,2,2,3,1
2421,cdce4e669c2543b127add4fb162de8371432cffe5ea2622b1db40f6a63353279,3,2,3,3,2,4
2436,e6d238ecc9fc8c453dff4a6989c644b5c09f63689300a0a6e294b1f91175e808,2,4,4,5,5,2
2438,17c734dd78f8f6739ee7e032c3b122f117f1a4ec94dd2c83b04523f5ebe6a81f,4,4,4,3,5,2
2459,258f7a10d3ad9712f8bca9b88496c2105f01bde75eb402b0648aaff50eae57c1,4,5,1,5,4,4
2475,531eb2147b1c024e4c64c9d8591f8a79fb7ed203a9deec704803434b48b8a15e,1,4,5,4,1,5
2549,85963ed6e718243ec2fb9563fce919a153fff3737d1cb0ed10fb3f86bcca9147,2,2,2,3,1,4
2557,61019a4ec5e27a74c880c36879df41f1a1c800757e04ff9f2bd80f30432a6c73,3,1,4,2,5,2
2559,a0eb6f61216a887bda61362cdb0b02411770a061378dbb9106d5007e137c733a,1,4,1,2,2,2
2564,c929f921ff69b9897dc291da955c5ca38432f7af132c4a05f375973cec08a777,1,2,4,4,2,5
2573,a395646820c1f03cfa671537373246d53b2995674d9f94bc0aed8fe3e69510da,2,5,2,5,3,3
2598,34e9899810a210a4f8d9433d2cd933b0b5444d5f8d60c3e28528adf38e1c9dfc,3,1,4,5,5,2
2601,5de3a61bfa1e8cb845b1512213cb985a894274c1eac6d401cfca9a941156c642,4,2,4,1,4,5
2713,b2ac1e1732f6d775cb03cb7957180669cc42b0e8c2230fce457fac05db2234d8,2,1,5,2,1,2
2722,10f821e52d06509d747cb925e980d0e9278bf19ab4f70daaa8f77cbba1a58cf0,3,3,5,2,4,5
2729,12379dcbccde44cfe8f0383342c652a470b239c593c23f6506e9f536d0041c03,4,4,3,4,1,1
2730,c3cc681744b8169f700e8fc4bb6740b35bd7f8f51b34412340100ace8ad8ffae,1,4,1,5,1,4
2793,df68beb78d657a0793b1ac2f9b94f2501e7eb82fdaaffc927babc664b3f2608c,1,5,3,4,4,5
2796,d28ecbe257090d1eb107df7c16af9d662953304317dbf06d259dde88bb619386,2,5,4,1,1,2
2798,8c86103b7e93c3ffcf2929375975ecb66dc0ee2c76789782ea2d400259e5cc96,4,3,3,2,3,4
2849,765d80d54a192492362a8b3210cc458875d5095a6bc9cb5ff0faafe3f55aaaab,1,4,5,2,1,2
2867,c0f148e190ce60a7f0dd3b65d951cf944e00d85d18ec53cfd06001c559777211,3,2,1,3,5,4
2875,a6dbac42eb8342c23bf9808c1ceff29b6b2d95ff389760a7e33c858feef7eab8,4,3,1,5,1,1
2887,6987bd8d7111d7b82a3b55ac604b3c7d517ea8fe8b44bf30e80831ccbf92edb3,3,1,4,4,3,1
2920,5f70a04a7b3930ffef85ac58f04c45c8e8e3b41c5cb2d0ae9dd8be128726db2e,1,1,2,2,4,4
2932,f2618702df6d5dc6bcf591855aa1cebee5479c0660d57beea249f65b5a408d2d,1,2,1,3,5,3
2933,c870aabdbf45dbc9ee021b3676c2e58f466c236582810f09b7f39d416c2f764b,4,2,1,2,2,4
2994,942dbeda91719a578e95f5d395aee8f7d9f4dcfbcfd27b18e61e9685d6fcad24,1,5,3,5,5,1
3092,55085deadcfa54f324143d32774cd899a64b189aae72763976893bc76ed0ee31,4,1,4,4,3,5
3140,6ff5466665c41a5c696fb9b3295fd534749203e54e7cc1c6f74282219e92ec22,1,2,3,5,1,4
3154,4e96d1194ba3d3541e22508bdd769a8f5203e2838828e4fd82842b7567a44494,1,3,4,3,4,2
3171,31bc41c1dbb7212df18845ac71f9669bbbc89695f061553fc164fee66912cd4b,1,3,5,3,3,5
3188,7d373d3809c88b4ca0cfe2fbf5a5f935e0d564cf98ae3b3039d66b928716158a,1,1,1,1,1,2
3193,4a045a81184ecdd833a86f32c336bfe9fd2f3412eb718efecbda43b4e847c5c9,1,4,2,1,3,5
3204,0ae4b0dea09007c2f8283c0012875caebf6e9ea5bbe3afa6429ca9b633aa3cb5,1,2,5,3,1,4
3277,19284b6dd552469e5d5b59869de29976e54a746eaddeb4a78d1279dd434069c8,1,1,1,1,3,3
3312,cdb4ee2aea69cc6a83331bbe96dc2caa9a299d21329efb0336fc02a82e1839a8,4,1,5,1,1,3
3319,9222cb51ba284bafd2b19844cdeedda013a9014e0e1b35ecd0a98440c58fdb83,1,1,3,3,2,5
3422,1df89af8b1dcca50b102fa078b9be6d932981b91237edafe561d200920e715e0,4,1,4,2,4,3
3427,210e68e9cbfd480a0e7a3a93f22db1f27cf2528d8ccfef51ef36240ff8b22dd0,4,1,3,5,3,2
3446,d5e233ffeab61ea1863d1bb0c922b35eda0f4a7e40c3b6c848d8bbd6d1dfff04,1,4,2,5,2,3
3479,eac8f7b18b5e5a77fe1cc1e4d3de87611003e99c3594a5cb628e93003ca9910c,4,1,3,1,1,3
3496,a0fb903525dc10dccaa4bd72bed4fe5b24ae8346b8a7343edce84172feb7085a,1,1,1,2,1,4
3514,6897eeed1ea4609f98fb66df0865baa1936d1e6edd89f011886af23dac0c5a0d,1,5,4,1,4,3
3526,29e0b938b2f9244555b2150f1ac8d19b7e0a04739346d72a5b7e500e3e56f910,1,5,5,4,5,4
3685,96a1a3b467b7bfed6572c15e365705a5272d2efca11b8c6f7010f9dcb542eb30,1,1,1,2,4,1
3756,683a4aedbd6c5b91d0ea1a27c4842f1a4c824b5873abd4792309c11572238979,1,5,3,1,1,1
3796,f8f0b76b8160d8fe6e2f75081cc79b8198a644a3d177ea90fae25cbab28c3879,1,4,2,1,4,5
4062,c2394f3f1d97bf0cfd9ca598beeed883c8ca1bb8a188b1a87f6e399458fb2151,1,4,5,2,1,4
4115,b82777c4959bcbb38f2c09d667aefb83c4b55c9d51c61397593f91de9df270fa,1,2,4,5,5,5
4195,da9afcaeb822e489829bad76726603824dd9daf287efa0fb16d325fe9e73d614,1,2,4,4,5,2
4301,9df737fde41b9f25f33eb57101f4f2617b07d2ede7bc1bfe57346ecd40f1a56e,1,1,2,3,4,4
4306,ec1f38a9d6bcd05be6bc9ec84fb0927ebcd52c9a20fe047f14007f8c8c5ab9ca,1,2,4,4,1,4
4339,90e5ac7605b66062a59f48bc3bc7598b0823d05d25041c92baee9fdde46ae57f,1,3,2,2,3,4
4340,6d856d5356339a3e16af2d05cebf35423f002072b2ae984ea9157bd694cb50e2,1,1,4,5,2,4
4350,0119301db1c97c74a369732ab718319f1e8edde1622e0e90c01fd8c28dde9a6f,1,2,3,2,3,4
4401,46ea26a24363bc56604e0b0009f977d8f9c014bd89b9aef275f20859896de450,1,5,3,1,4,2
4430,18c6c263c7824e254d665831f42f00110a6179ba97377b73093facfb86327c0f,1,3,1,3,1,1
4500,2f31518e5f70ef656c0e0e7122cecbde66b28e29a64663d4bbc3c9d5a87fdcf1,1,1,4,1,5,5
4562,29e555c6838f8c8951f766019fb6b8fe4a7706425874b8cfa2467a811f10fda6,1,3,4,1,5,4
4579,33591b01bbaac3923494cf5f89d49e561b409849d18bfdca61ea8da89d47807e,1,1,3,5,5,5
4607,9e66a8121a5dfb61cb1a029b3fe89d6be20bd3d6727c4de35c93fdac57a9e2dc,1,5,5,4,3,3
4642,870733eebb2050e050b154d8ff363da3e421ced2d5ff367cab7a3120297753b9,1,2,4,4,5,2
4670,dbab41120f92e12716a999ebb41f891929c2b01b29c5822f96cb7d62a4f7c328,1,4,2,3,3,1
4715,53fa4cf1956c1eda52267e6e02cd58e84cd7ab7ff076460f0aafed2c4389fb63,1,2,1,1,1,2
4728,e2e083da81d6d7a608da92a9d365cd08d59aed93ce2a847f6df3dae6fe87aa04,1,3,1,3,1,4
4804,f305af1037c9268504cb3d743039e5cda6645e4bb6a6dd2e2e7829674a252968,1,5,5,3,5,3
4835,b28d1b01ca6757e0ab540cabfd872f81949c92815484b13f42dafd654567dc29,1,1,3,1,3,1
4872,1f951ce399cdf8267884d0a88113ccf591091416d2e788184267bc0db2dad1b4,1,3,4,1,5,4
4934,f9546535b7c3a34b0ee8ccdb032e0d5cbb50ee52e61db2f41b301546699d17e1,1,5,3,1,1,2
4996,47f218b4c2caf35932d29c03bcb33ee3a3ed0f06616795d79147749425c3bb16,1,1,4,3,4,3
5043,a41deb07e0fb5bad0b3aaac3d8bc10d66035179af659cdd6884328be837ae244,1,5,2,1,2,1
5129,a85c6fc73e5d0ab2755c646f1658411953321e05b5fbb14aabb7b283f07141bf,1,1,5,4,3,2
5150,615aa606bb09ebdcc5b0d98974cfc34c059b6531f5c428c2a8e8b3830a440da8,1,4,4,4,4,5
5209,8a4ef45df299be683677e5f2e1b0d79f79a966169f8d4f213f85d508c2229a1d,1,2,2,1,5,3
5234,43a89a69af6ec58f54621d8a791fb390ac9d85fd8b400d4349d946f7acece2e7,1,2,4,5,1,5
5304,99f724dac1b7e1edb9da1de10faec5a46c5190029feb1bb1d036a3878fe2f5ff,1,1,4,1,5,5
5342,65880b73bebde342450996903afc8fcfe20e1c38f32e117a3739ec4507a202ff,1,4,4,4,5,5
5343,2e664512e808ef8de727b177c524a33322e436845557cafd578f9bccbe705261,1,5,3,4,2,2
5366,b6abb5c1c6ae3e314736672268265e247a157741607f9febb3c6f462d8435223,1,1,4,4,3,2
5373,6ca0fb567f6892129a6112e6e6e22431ddd542d0f8284fc4ce969628b598ee2d,1,5,3,5,3,3
5461,39b2fa248a7d6110195c24dd9c288ecf5143f8298a9e8f411e96080118b15619,1,5,4,1,3,4
5468,d8f758500c5d3303786d5638bb720775769f52064dfb669d3540ac9074acf30e,1,5,1,4,3,4
5596,12f9ceab17f39924297dbcae1eb096b430cd4284f1358d222562aaf1d1a97e9b,1,2,4,1,2,5
5620,b64569a0e339c0d66c534ce32ce7ae704069a8e5f9db6c28e5adcd302283b9b5,1,5,4,3,1,2
5628,9a077de751c4312137d1de673c80f898ec9fe1e5c517678ef507263d33be4897,1,4,4,5,5,1
5632,a269af2185b07a5755c9170640787c375f6d41db217e635af048e75aa916c69c,1,4,4,3,1,2
5674,47e45067cdbf1b1c3292539ffd73b87ea77166176aeb6320ad5ede214d22d87c,1,4,1,4,5,1
5708,5201b176449f50018492666b504838a77d2cb4f4aea70e4c4d1d58ae5ee88510,1,4,3,5,2,5
5709,ce8c622761f05e181f274a0d038e888a1a69e37972e733e9b20eb9a7c14774f4,1,5,1,4,4,2
5710,bb59b2d638a599db7371a2937883444905b36d8efb2b164c35dc05e741e6f770,1,3,1,4,5,1
5712,87d4881b33a62114318880a51f13cc0703ca9d304c3211ea22e58348fbba073f,1,5,3,1,5,4
5713,1778afbfd6f088900aaca6f39e1d203d9aad03162afa3cc4d43a9b92adc60ed9,1,1,1,3,3,4
5714,7d012c4b1b6d843b90c7a49839edbe016c4034e59a6e2ef818896f4e15adbf92,1,5,1,4,2,5
5731,9aa5d3138c3ba726a0997cec293d20b9439bb7a08e1a4837d4847afcd91fec4b,1,4,4,5,4,2
5782,985acf83785b13a273dd8c0130fb09e26bcd76c87ccd51f751c20eeee12f5972,1,5,5,5,3,5
5785,1cd8cac1646af0990d278734a2009d6d7c6b1202e7997391df94649d1493eb8e,1,1,1,3,1,4
5838,add0a6ce1a1eb38bc5a79516fe61ae6511aa3cbd2992473e34c39164f389b3a8,1,1,3,4,2,1
5878,069026660e854fb0784c281b272bec477074cb79cd780eb7e758b676489d8610,1,4,2,1,5,5
5879,e56616a3662b47ae8a216a0d131397b020c47576e5e0c0b49983f3576e28b934,1,1,4,5,1,1
5880,894dd72037681e7b095d7069f9ad323c3128ce28537ea95e871e325e4f468997,1,5,4,4,1,2
6009,05339786bfe757c8ea916407500975a82ae431783361dcb49e6b8f5116d99051,1,3,5,5,1,2
6010,21662b2c220ada154fd9959d601b87fa70238ec020025b817f14c8c833abfae2,1,1,5,5,4,2
6054,ca96a614aa16883e92c981a392e9112eccacb588dee14e4b74452199d2c03059,1,4,3,1,1,1
6060,89d183d962913b50005d5bb769d21196c17adc42d0143af65ba7343f1713236b,1,2,3,5,3,5
6081,938fb0af0f7418171664bfd7445f7a7a2f6ec250002d94a86ca954c37fb9280c,1,2,4,1,3,4
6082,097fdd7f080a55f513f1115d6a5a3cec9c51b96a06497bc6a1a8d2b85f602638,1,2,5,1,2,5
6083,3a098f63fa70719f6049e399816cb45e75d02e0461e759cca4747605792d7445,1,3,5,4,1,5
6085,e8449bee9af3071fae9970b60a7326ea506af93b0543a296ffede32c217b825f,1,3,3,3,4,4
6086,61268907d4a37f4a0ff9cc94153d4ab75fff6dbae1e85a14eac5cf46ebe03964,1,1,5,1,2,5
6096,3f352f12b2ea4471057fef4fcee417d8e6d7af793f61227c0a206ac22f6c1646,1,4,2,1,2,2
6143,1ccc5212a30a1256c10c9d20c658c1099cd1a3d437b8a00add1e968bdcf7bd1c,1,1,5,1,2,4
6208,b1ca39e190c7e7e8394bb59910c5d5b9ee2c7cc67ad1dad9ab6ec6ba3415ab54,1,4,2,1,2,2
6226,3e0b8a8d0b65b2ebbaf3e0b443cd856f4451607df726d8bdafacbaaa8bdbc4d5,1,2,4,1,2,5
6237,593f2d04aab251f60c9e4b8bbc1e05a34e920980ec08351a18459b2bc7dbf2f6,1,3,5,3,1,2
6252,5c5f709664b87025c4c9f07d5f8cb4ae2f32d113c9b52319c365e1efd0fc3b91,1,2,5,3,2,4
6254,b1f4bebf85440eac35d87b32f5456afa2dc273016205e8bb082fcf7bfcbaf720,1,3,5,3,1,2
6255,ae403d049c3ad41c31d6c6df7c47c78fb0b5a92134d180794fc51e74f4fc6955,1,3,5,3,2,4
6297,635d5dc8273db6bba3fd784b25533c2cda52b45f2dc2ef2186c47daac02fffcc,1,3,5,3,1,4
6316,739b9d664d77db3ee3cab40737c6386fb7b6ef9e00b31a434fd7680e69482ba0,1,2,5,1,1,4
6325,fa72c8b0eaca211e5b220b407e045249c7049288318189a5ebbb6f5c29c5c41a,1,2,4,3,1,4
6464,7cddf0c44ee4ed82e03d7689c56c854034ad08d5cf72c7a41f990c306600d4fb,1,3,2,1,1,4
6506,26c5ac0f850c978b42f96ba6c3ca6d45e29f71bce352f5f18bea6327ffa201f1,1,2,5,1,1,4
6516,f30f379636d7b28f5872cbe433319cf0f1b0141e403a806116b38fb301f59ea2,1,2,4,1,1,4
6616,bb1f8d06d3d6f4c983b3e39abdc220a91ff70423c50d9d806c0a072e24d52f5f,1,3,3,1,2,4
6628,5c220c1e906852d5aa1d66d27213f4a8845461eec95252cf20a475a109344eed,1,2,2,1,2,4
6705,24e77964a6f10312a790ec8509f0b7efc82771a6710a9503fadc8a8e69fbeebd,1,2,4,1,2,4
6849,c9be8aa53bc54a3d3bb3a3e4024f547a9b63573b506b449b59ce386ab7a1819c,1,3,3,1,2,4
6851,5652fa164109414e5f23574eff7721ff26bdb4aa715067faa5a476ae418b73f5,1,3,5,1,1,4
6855,70f8c53d9909f2f6f136982be6079a8382ce827f523dece0952cdea23b29b741,1,2,2,1,1,4
6888,45ff332d6a3627c26d9bec9290e0905eef58a9a941c160b308397f617cf941f3,1,3,5,1,1,4
7098,211714aef3fb5756f25494cae13578de6f56bb09318b7e6cecf2899e81655ab3,1,2,5,1,1,4
7296,6a6bc5ebee1ec7a89443e31d791a3e8d04bc07a6601e83aa73321c7e52feb367,1,2,4,1,1,4
7629,bdb4dcb70c7e102dd9c4f4d94c64e64c9859c0117d92e05e840219962612e0f6,1,2,4,1,1,4
7657,f5a4971e9d97a2b6357b37592e6eb5e323d4ddd0d2351b08cf85f2b8a438faf6,1,2,2,1,1,4
7680,0ff864287914ad3695aa74384d01d7ff284c4c4e0597b52a476434983a35475c,1,2,4,1,1,4
7689,64be78fd107995e477f1893997757ada8c392c3607b109efa856c45090a1e294,1,2,2,1,1,4
7716,52c2bbe1a2cccb9b40d0b279d5c5a6e7ec62e557b8a3980b2fef97cb8f78448b,1,2,4,1,1,4
7763,6bedcf7b2abb613dc8c80cbd8363b271f0050b2ee767cf8390963f0bfe731415,1,2,3,1,1,4
7793,3e6dc4826215066489e32f595531da596dbc426e3951b5e78c47ac2b22b8dbc1,1,2,4,1,1,4
7857,194ac116003b462a9240cb167080bdb2bad0645247dddaa2e47437d71be21ec1,1,2,3,1,1,4
7873,08a36ebef760cbebf597e82cba0a58f792d9702efa51f6426bd0df7ce71ea60c,1,2,4,1,1,4
7906,65bcfc3459ff98750736f073950ca7b31a0b14534fab5231b3d02984c639e065,1,2,4,1,1,4
7923,ae2369ed1eab4f85d2b4f40e0e58ed34ae6513c98a58252f8205bad0a61efc30,1,2,4,1,1,4
7937,b1c20442a1549933ed1ea5bbe6fe389e07c69dbe562f08450d9e728266bdd966,1,2,4,1,1,4
7981,e6d920bdb3e315d43d4998eba02b89747e07abc9e43fadb579f609c278a64870,1,2,4,1,1,4
8046,316503cfa84a012c41de6af921e5620e6c48314fe2f86bd23a9d34813c16555a,1,2,4,1,1,4
8203,3ab22f2ea45b92aea8f3e2232ca4e95a9cef1440c06f894368890a545e31876f,1,2,2,1,1,4
8322,f3a9e1feffe77778a795180c494d094f1e41422e3181b86d8ba7976ab7ca1f0f,1,2,3,1,1,4
8360,5527035adb163c3d07f2ada674504fc59e9cb5241b38bfedf50813870309a29e,1,2,3,1,1,4
8364,275f801125090b1662a59003de2b3524612c7cd784fb2b3689cf1131afeb9994,1,2,3,1,1,4
8368,6cf202bc4fbbaeeaac10d1621d07d26017507546becbebf22ba08d3e104191c4,1,2,2,1,1,4
8401,020599024655324d44ba005365aecfc7b5a4722486a0d491ad045b85e8cde405,1,2,4,1,1,4
8418,528bb4c2f9c287aa89b5582a50be379cc197ad31b07bbff979a931eccf2d4451,1,2,4,1,1,4
8421,cadeabc0db13666b8c5b11b83cbd0913b57491d6f2929ae87f84f5a6dfc209cf,1,2,3,1,1,4
8430,3adfaead39e6cb595aebce9fbd70e184ee049b2048c33b25bcb10a1de26115c8,1,2,4,1,1,4
8436,026835d353d46398de8f3b7d33e3547f8867be5c66d6478ef6f03640ec6428b0,1,2,2,1,1,4
8438,a51d42aa6bfd523170457cb6566c497438b31f4f3520223ff3ea2fb0bbe3d956,1,2,4,1,1,4
8439,732fb6f83524825b76d932453caa9302e50b90ab7cf08cc4c5c57940c8d2843d,1,2,3,1,1,4
8522,f8e2ad561ac02e90bec13b57a259398f25d646873b2c884516999c82df58cc91,1,2,2,1,1,4
8547,bc4d7049212ee8d8ddcd73ca260bd87afbd1e1772b70219e840aa893cf24efc9,1,2,2,1,1,4
8580,1c465fafa3d72352a04923e724e180d420f0b26bd2fbbc7aed13fa016fd1b697,1,2,3,1,1,4
8611,62964a4418ae95fde55e5f53a8f8bb158124ea2de7291e3524b8a692d53720ab,1,2,2,1,1,4
8651,ea65b6ae5194162b0271bd6030f1f37c8d378ed58f3ad5194e954a04d12289c9,1,2,3,1,1,4
8660,1129a5d25666b8ce60794f3584e5c086bc272c008dd9a98a3ffa8521421fd1ad,1,2,2,1,1,4
8666,cd554c24e09c695f1e5e7bb46263df8ad6bc4a3c023c5871d838048af10a0f3c,1,2,2,1,1,4
8667,bfca757184a458dbe802ddbb10399fdc06f0ae1de3917e8118b7161a7a63808c,1,2,2,1,1,4
8703,4dbb9d022d9556c81b57272da9d7987f60f8b7c768a46fd85131635b2d480494,1,2,2,1,1,4
8738,de7488b146e5a673ad05907f6267e230b0f8152dba44b3f681db9c158dbf251d,1,2,2,1,1,4
8844,14367d298517cc252e5dc8fc693a9f7ea5ecd57da14a0c51534ccc33a06414c9,1,2,4,1,1,4
8880,8b383af83f97a9158c933fde121d2909027d38ddc0d92c691f2610667184f4d4,1,2,4,1,1,4
8906,05978829e18cc8cfaff238178d5c8cd64582b2d6efd0ab22a43d31eefb0ecd23,1,2,4,1,1,4
9008,cb997ced6a4ef377219cf2a5544fc742470f9fc8199955e916349323f8efc568,1,2,2,1,1,4
9010,472d7ff6bc72e89fd93b133e9d0a094b1b5aabe5a89aa16eed5c806f953e477e,1,2,4,1,1,4
9058,b96320c34876eb5dd42f9dee34dc5c7641571c46af0dcfd3b23b5150efda4fe1,1,2,4,1,1,4
9102,7a3bfb44ceb840fb01e49b03968396965cc51ad37f16ae02e5cbe1d8df174915,1,2,2,1,1,4
9142,8ed50fc26c49d98c19987a11213aad4c5ef52c5312219935cfb459498bcbd935,1,2,4,1,1,4
9148,78ff5107579690a5982b2df3439111b985e2175a127db69ec4857f60bf0b48ef,1,2,4,1,1,4
9171,80503580365a55d01da92e418a5cac75a3c8450ebc1655ec32276c3080d6165d,1,2,4,1,1,4
9253,7297db81c2f7916e25b9593f8c8785e1aa1487fa9f3961c50b7cc5f1a541bc82,1,2,2,1,1,4
